Species,Abundance,Sample
Aquitalea sp. USM4,0.00161,Aquarium
Ahniella affigens,0.01049,Aquarium
Natranaerobius thermophilus,0.00016,Aquarium
Cytophagales bacterium TFI 002,0.02178,Aquarium
Sphingopyxis sp. EG6,0.00016,Aquarium
Flavisolibacter sp. 17J28-1,0.00048,Aquarium
Pseudobacter ginsenosidimutans,0.00016,Aquarium
Hydrogenophaga sp. PBC,0.00785,Aquarium
Candidatus Solibacter usitatus,0.00065,Aquarium
Xanthobacter autotrophicus,0.00016,Aquarium
Planctomycetes bacterium Q31a,0.00016,Aquarium
Comamonas testosteroni,0.00114,Aquarium
Runella sp. SP2,0.00888,Aquarium
Flavobacterium columnare,0.00742,Aquarium
Arcticibacterium luteifluviistationis,0.00065,Aquarium
Verrucomicrobium sp. GAS474,0.01791,Aquarium
Methylibium petroleiphilum,0.00065,Aquarium
Ereboglobus luteus,0.00048,Aquarium
Limnohabitans sp. 63ED37-2,0.55412,Aquarium
Limnohabitans sp. 103DPR2,0.00743,Aquarium
Legionella adelaidensis,0.00194,Aquarium
Pirellula staleyi,0.00016,Aquarium
Comamonas kerstersii,0.00016,Aquarium
Candidatus Paracaedibacter acanthamoebae,0.00533,Aquarium
Mucilaginibacter mallensis,0.01646,Aquarium
Sphingomonas sp. YZ-8,0.00016,Aquarium
Microbacterium sp. ABRD_28,0.00032,Aquarium
Candidatus Hodgkinia cicadicola,0.00016,Aquarium
Prevotella ruminicola,0.00032,Aquarium
Starkeya novella,0.00032,Aquarium
Sphingobium sp. SCG-1,0.00048,Aquarium
Candidatus Aquiluna sp. UB-MaderosW2red,0.00065,Aquarium
Mycobacterium dioxanotrophicus,0.00161,Aquarium
Rhodoferax saidenbachensis,0.00032,Aquarium
Thiomonas sp. X19,0.00016,Aquarium
Sphingopyxis sp. 113P3,0.00016,Aquarium
Formosa sp. Hel3_A1_48,0.00048,Aquarium
Rheinheimera sp. LHK132,0.00065,Aquarium
Salinimonas sp. HMF8227,0.0184,Aquarium
Hydrogenophaga sp. RAC07,0.00016,Aquarium
Rickettsia endosymbiont of Ixodes scapularis,0.00016,Aquarium
Novosphingobium sp. THN1,0.02259,Aquarium
Mesorhizobium sp. DCY119,0.00016,Aquarium
Legionella clemsonensis,0.00024,Aquarium
Akkermansia muciniphila,0.00016,Aquarium
Candidatus Saccharibacteria bacterium YM_S32_TM7_50_20,0.00016,Aquarium
Planctomycetes bacterium Pan265,0.00016,Aquarium
Nitrospira japonica,0.00032,Aquarium
Pseudomonas mendocina,0.00509,Aquarium
Actinobacteria bacterium IMCC26256,0.00032,Aquarium
Legionella pneumophila,0.00074,Aquarium
Pseudomonas pohangensis,0.00016,Aquarium
Paucibacter sp. KCTC 42545,0.00274,Aquarium
Caldilinea aerophila,0.00032,Aquarium
Luteitalea pratensis,0.00032,Aquarium
Ketobacter alkanivorans,0.00081,Aquarium
Flavobacterium album,0.00032,Aquarium
Rhodopseudomonas palustris,0.00016,Aquarium
Microvirga sp. 17 mud 1-3,0.00016,Aquarium
Phenylobacterium sp. HYN0004,0.00065,Aquarium
Planctomycetes bacterium Pla110,0.00016,Aquarium
Labilithrix luteola,0.00113,Aquarium
Thauera aromatica,0.00081,Aquarium
Pseudorhodobacter sp. S12M18,0.00016,Aquarium
Planctomycetes bacterium Pla163,0.00016,Aquarium
Legionella jordanis,0.00016,Aquarium
Chryseolinea sp. KIS68-18,0.0021,Aquarium
Dyadobacter fermentans,0.00032,Aquarium
Rhizobacter gummiphilus,0.00048,Aquarium
Gemmatirosa kalamazoonesis,0.00016,Aquarium
Legionella fallonii,0.00512,Aquarium
Ornithobacterium rhinotracheale,0.00032,Aquarium
Novosphingobium ginsenosidimutans,0.05519,Aquarium
Tropheryma whipplei,0.00016,Aquarium
gamma proteobacterium HdN1,0.00032,Aquarium
Niabella soli,0.00016,Aquarium
Rheinheimera sp. D18,0.00183,Aquarium
Legionella oakridgensis,0.00019,Aquarium
Roseateles depolymerans,0.00016,Aquarium
Alicycliphilus denitrificans,0.00016,Aquarium
Rickettsia akari,0.00016,Aquarium
Sphingopyxis sp. LPB0140,0.00645,Aquarium
Stella humosa,0.00016,Aquarium
Candidatus Rickettsiella viridis,0.00016,Aquarium
Pseudoxanthomonas spadix,0.00034,Aquarium
Alistipes finegoldii,0.00032,Aquarium
Candidatus Midichloria mitochondrii,0.00048,Aquarium
Rubrivivax gelatinosus,0.00016,Aquarium
Haliscomenobacter hydrossis,0.00242,Aquarium
Mucinivorans hirudinis,0.00032,Aquarium
Verrucomicrobium spinosum,0.0142,Aquarium
Planctomycetes bacterium HG15A2,0.00016,Aquarium
Planctomycetes bacterium V22,0.00274,Aquarium
Synechococcus sp. PCC 7336,0.00065,Aquarium
Undibacterium parvum,0.00032,Aquarium
Acidovorax sp. KKS102,0.00442,Aquarium
Opitutus terrae,0.00016,Aquarium
alpha proteobacterium HIMB59,0.00032,Aquarium
Ferrovibrio sp. K5,0.00113,Aquarium
Nitrospirillum amazonense,0.02372,Aquarium
Flavisolibacter tropicus,0.01485,Aquarium
Tabrizicola sp. K13M18,0.00178,Aquarium
Coxiella burnetii,0.00048,Aquarium
Anaplasma marginale,0.00032,Aquarium
Neisseriaceae bacterium DSM 100970,0.00016,Aquarium
Haliangium ochraceum,0.00016,Aquarium
Leadbetterella byssophila,0.00581,Aquarium
Rickettsia parkeri,0.00129,Aquarium
Polynucleobacter necessarius,0.11651,Aquarium
Woeseia oceani,0.00048,Aquarium
Bordetella genomosp. 13,0.00161,Aquarium
Burkholderiales bacterium JOSHI_001,0.00032,Aquarium
Phenylobacterium zucineum,0.00016,Aquarium
Breoghania sp. L-A4,0.00016,Aquarium
Planctomycetes bacterium Pan181,0.00065,Aquarium
Leptothrix cholodnii,0.00016,Aquarium
Acinetobacter larvae,0.00016,Aquarium
Pseudarcicella sp. HME7025,0.00032,Aquarium
Frankia casuarinae,0.00031,FeynmanPond
Pseudomonas sp. MT-1,0.02702,FeynmanPond
Legionella clemsonensis,0.0015,FeynmanPond
Rhodoferax koreense,0.00063,FeynmanPond
Chelativorans sp. BNC1,0.00016,FeynmanPond
Haliscomenobacter hydrossis,0.02498,FeynmanPond
Sphingomonas sp. AAP5,0.00047,FeynmanPond
Tropheryma whipplei,0.00063,FeynmanPond
Pseudomonas sp. K2W31S-8,0.00031,FeynmanPond
Methylotenera mobilis,0.00063,FeynmanPond
Sphingopyxis sp. EG6,0.00017,FeynmanPond
Flavisolibacter sp. 17J28-1,0.00126,FeynmanPond
Runella sp. HYN0085,0.00079,FeynmanPond
Tepidanaerobacter acetatoxydans,0.0011,FeynmanPond
Desulfitobacterium dehalogenans,0.00016,FeynmanPond
Mucilaginibacter mallensis,0.00487,FeynmanPond
Rhodopseudomonas palustris,0.00047,FeynmanPond
Nitrospira japonica,0.01351,FeynmanPond
Rhodobacter blasticus,0.00173,FeynmanPond
Candidatus Solibacter usitatus,0.0077,FeynmanPond
Hyphomicrobium nitrativorans,0.0022,FeynmanPond
Arsenophonus endosymbiont of Aleurodicus dispersus,0.00016,FeynmanPond
Clostridium argentinense,0.00031,FeynmanPond
Planctomycetes bacterium Q31a,0.00267,FeynmanPond
Lysobacter sp. TY2-98,0.00016,FeynmanPond
Azoarcus sp. SY39,0.00247,FeynmanPond
Solimonas sp. K1W22B-7,0.01854,FeynmanPond
Akkermansia muciniphila,0.01304,FeynmanPond
Solitalea canadensis,0.00016,FeynmanPond
Zhongshania aliphaticivorans,0.00048,FeynmanPond
Synechococcus sp. PCC 7336,0.0011,FeynmanPond
Shewanella benthica,0.00016,FeynmanPond
Desulfotalea psychrophila,0.00031,FeynmanPond
Methylibium petroleiphilum,0.00016,FeynmanPond
Ereboglobus luteus,0.00031,FeynmanPond
Psychrobacter urativorans,0.00016,FeynmanPond
Limnohabitans sp. 63ED37-2,0.00016,FeynmanPond
Limnohabitans sp. 103DPR2,0.0509,FeynmanPond
Legionella adelaidensis,0.00126,FeynmanPond
Variovorax sp. HW608,0.00031,FeynmanPond
Candidatus Babela massiliensis,0.00126,FeynmanPond
Pirellula staleyi,0.00079,FeynmanPond
Pleomorphomonas sp. SM30,0.00079,FeynmanPond
Beijerinckiaceae bacterium,0.00016,FeynmanPond
Gemmata obscuriglobus,0.00251,FeynmanPond
Mahella australiensis,0.00016,FeynmanPond
Pseudobacter ginsenosidimutans,0.00141,FeynmanPond
Acidihalobacter ferrooxidans,0.00016,FeynmanPond
Immundisolibacter cernigliae,0.00094,FeynmanPond
Rhodomicrobium vannielii,0.01367,FeynmanPond
Paenalcaligenes hominis,0.00063,FeynmanPond
Planctomycetes bacterium K23_9,0.00016,FeynmanPond
Pedobacter cryoconitis,0.00016,FeynmanPond
Candidatus Planktophila versatilis,0.00456,FeynmanPond
Noviherbaspirillum sp. UKPF54,0.00016,FeynmanPond
Hyphomicrobium denitrificans,0.00016,FeynmanPond
Planctomycetes bacterium Pan189,0.01367,FeynmanPond
Steroidobacter denitrificans,0.00501,FeynmanPond
Stanieria sp. NIES-3757,0.00016,FeynmanPond
Caulobacter henricii,0.0011,FeynmanPond
Candidatus Hodgkinia cicadicola,0.00016,FeynmanPond
Chondromyces crocatus,0.00016,FeynmanPond
Polaromonas naphthalenivorans,0.00032,FeynmanPond
Rhodobacter capsulatus,0.00094,FeynmanPond
Owenweeksia hongkongensis,0.00251,FeynmanPond
Beijerinckia indica,0.00173,FeynmanPond
Prevotella ruminicola,0.00016,FeynmanPond
Psychroflexus torquis,0.00031,FeynmanPond
Desulfobacula toluolica,0.00063,FeynmanPond
Paucibacter sp. KCTC 42545,0.00298,FeynmanPond
Planctomycetes bacterium Pla85_3_4,0.00723,FeynmanPond
Planctomycetes bacterium Pan44,0.04226,FeynmanPond
Acetobacteraceae bacterium,0.00079,FeynmanPond
Chloracidobacterium thermophilum,0.00016,FeynmanPond
Geobacter sp. DSM 9736,0.00016,FeynmanPond
Tistrella mobilis,0.0002,FeynmanPond
Rhodoferax sp. CHu59-6-5,0.00173,FeynmanPond
Candidatus Thiodictyon syntrophicum,0.00157,FeynmanPond
Opitutaceae bacterium TAV5,0.00754,FeynmanPond
Candidatus Dependentiae bacterium (ex Spumella elongata CCAP 955/1),0.00204,FeynmanPond
Melaminivora sp. SC2-7,0.00016,FeynmanPond
Rhodoferax saidenbachensis,0.00173,FeynmanPond
Thiomonas sp. X19,0.00016,FeynmanPond
Pirellula sp. SH-Sr6A,0.00063,FeynmanPond
Planctomyces sp. SH-PL14,0.00079,FeynmanPond
Geobacter pickeringii,0.00031,FeynmanPond
Azospirillum lipoferum,0.0013,FeynmanPond
Azospirillum brasilense,0.00074,FeynmanPond
Wolbachia endosymbiont of Brugia malayi,0.00031,FeynmanPond
Bosea sp. RAC05,0.00031,FeynmanPond
Acidibrevibacterium fodinaquatile,0.00236,FeynmanPond
Ruegeria sp. AD91A,0.00126,FeynmanPond
Synechococcus sp. PCC 7502,0.00016,FeynmanPond
Rhodoferax ferrireducens,0.00063,FeynmanPond
Bacterioplanes sanyensis,0.00094,FeynmanPond
Legionella waltersii,0.01565,FeynmanPond
Candidatus Xiphinematobacter sp. Idaho Grape,0.00031,FeynmanPond
Polaromonas sp. SP1,0.0022,FeynmanPond
Acidovorax sp. RAC01,0.00036,FeynmanPond
Butyrivibrio fibrisolvens,0.00043,FeynmanPond
Cryobacterium sp. LW097,0.00189,FeynmanPond
Hydrogenophaga sp. RAC07,0.00016,FeynmanPond
Moorea producens,0.00031,FeynmanPond
Frankia alni,0.00016,FeynmanPond
Bacteroides coprosuis,0.00204,FeynmanPond
Novosphingobium sp. THN1,0.00016,FeynmanPond
Bacteroidales bacterium CF,0.00079,FeynmanPond
Congregibacter litoralis,0.00264,FeynmanPond
Geobacter metallireducens,0.00094,FeynmanPond
Candidatus Baumannia cicadellinicola,0.00016,FeynmanPond
Rhodoferax sp. Gr-4,0.00188,FeynmanPond
Caulobacteraceae bacterium OTSz_A_272,0.00236,FeynmanPond
Candidatus Koribacter versatilis,0.00094,FeynmanPond
Halioglobus pacificus,0.00283,FeynmanPond
Halioglobus japonicus,0.00141,FeynmanPond
Xylella taiwanensis,0.00126,FeynmanPond
Planctomycetes bacterium CA12,0.00471,FeynmanPond
Blastococcus saxobsidens,0.00031,FeynmanPond
Sphingobium cloacae,0.00157,FeynmanPond
Planctomycetes bacterium Pan97,0.0033,FeynmanPond
Bacillus thermoamylovorans,0.00016,FeynmanPond
Sulfuricella denitrificans,0.00487,FeynmanPond
Methylocella silvestris,0.00801,FeynmanPond
Cytophaga hutchinsonii,0.00047,FeynmanPond
Planctomycetes bacterium Pan265,0.00031,FeynmanPond
Methylosinus trichosporium,0.00503,FeynmanPond
Legionella hackeliae,0.00051,FeynmanPond
Variovorax sp. PMC12,0.00157,FeynmanPond
Arenimonas daejeonensis,0.00675,FeynmanPond
Elusimicrobium minutum,0.00031,FeynmanPond
Methylotenera versatilis,0.01005,FeynmanPond
Micavibrio aeruginosavorus,0.00016,FeynmanPond
Pajaroellobacter abortibovis,0.00974,FeynmanPond
Planctomycetes bacterium MalM25,0.00016,FeynmanPond
Actinobacteria bacterium IMCC26256,0.00267,FeynmanPond
Brevundimonas sp. M20,0.00016,FeynmanPond
Geobacter sulfurreducens,0.00732,FeynmanPond
Desulfobacca acetoxidans,0.00047,FeynmanPond
Gemmata sp. SH-PL17,0.0033,FeynmanPond
Sinorhizobium meliloti,0.00016,FeynmanPond
Phenylobacterium sp. HYN0004,0.0011,FeynmanPond
Pseudoflavitalea sp. 5GH32-13,0.00031,FeynmanPond
Candidatus Paracaedibacter acanthamoebae,0.00016,FeynmanPond
Caldilinea aerophila,0.00298,FeynmanPond
Altererythrobacter sp. B11,0.00079,FeynmanPond
Pigmentiphaga sp. H8,0.00094,FeynmanPond
Serratia marcescens,0.00037,FeynmanPond
Pseudomonas sp. CC6-YY-74,0.00016,FeynmanPond
Panacibacter ginsenosidivorans,0.00518,FeynmanPond
Candidatus Desulfovibrio trichonymphae,0.00031,FeynmanPond
Luteitalea pratensis,0.01587,FeynmanPond
Candidatus Arsenophonus lipoptenae,0.00016,FeynmanPond
Renibacterium salmoninarum,0.00016,FeynmanPond
Salinibacterium sp. CGMCC 1.16371,0.00047,FeynmanPond
Novosphingobium ginsenosidimutans,0.0011,FeynmanPond
Actinobacillus succinogenes,0.00613,FeynmanPond
Prosthecochloris sp. CIB 2401,0.00534,FeynmanPond
Sandaracinus amylolyticus,0.00251,FeynmanPond
Staphylococcus aureus,0.00021,FeynmanPond
Legionella geestiana,0.00096,FeynmanPond
Aurantimicrobium sp. MWH-Mo1,0.00016,FeynmanPond
Candidatus Liberibacter africanus,0.00393,FeynmanPond
Dolichospermum compactum,0.00016,FeynmanPond
Opitutus sp. GAS368,0.00031,FeynmanPond
Saprospira grandis,0.00644,FeynmanPond
Komagataeibacter hansenii,0.00079,FeynmanPond
Leptothrix cholodnii,0.00173,FeynmanPond
Lautropia mirabilis,0.00047,FeynmanPond
Silvanigrellales bacterium RF1110005,0.00157,FeynmanPond
Labilithrix luteola,0.00361,FeynmanPond
Candidatus Promineofilum breve,0.00016,FeynmanPond
Fimbriimonas ginsengisoli,0.00126,FeynmanPond
Rhodoluna lacicola,0.00251,FeynmanPond
Pseudorhodobacter sp. S12M18,0.00047,FeynmanPond
Massilia armeniaca,0.00063,FeynmanPond
Chryseobacterium carnipullorum,0.00016,FeynmanPond
Legionella israelensis,0.00236,FeynmanPond
Desulfobacterium autotrophicum,0.00016,FeynmanPond
Armatimonadetes bacterium Uphvl-Ar2,0.00016,FeynmanPond
Chryseolinea sp. KIS68-18,0.01775,FeynmanPond
Ottowia oryzae,0.00126,FeynmanPond
Candidatus Filomicrobium marinum,0.00126,FeynmanPond
Polynucleobacter necessarius,0.00079,FeynmanPond
Paracoccus sp. 2251,0.0011,FeynmanPond
Rhizobacter gummiphilus,0.00031,FeynmanPond
Nitrosomonas sp. Is79A3,0.00016,FeynmanPond
Planctomycetes bacterium Pla175,0.00031,FeynmanPond
Gemmatirosa kalamazoonesis,0.00141,FeynmanPond
Synechococcus sp. JA-3-3Ab,0.00016,FeynmanPond
Legionella fallonii,0.00866,FeynmanPond
Methylibium sp. Pch-M,0.00016,FeynmanPond
Lawsonia intracellularis,0.00031,FeynmanPond
Burkholderiales bacterium GJ-E10,0.00424,FeynmanPond
Emcibacter sp. MEBiC09520,0.00031,FeynmanPond
Curvibacter sp. AEP1-3,0.00016,FeynmanPond
Mitsuaria sp. 7,0.00016,FeynmanPond
Planctomycetes bacterium Pan161,0.00756,FeynmanPond
Stackebrandtia nassauensis,0.00047,FeynmanPond
Akkermansia glycaniphila,0.00031,FeynmanPond
Niabella soli,0.00094,FeynmanPond
Candidatus Saccharibacteria bacterium YM_S32_TM7_50_20,0.00031,FeynmanPond
Castellaniella defragrans,0.02733,FeynmanPond
Commensalibacter sp. AMU001,0.0011,FeynmanPond
Candidatus Carsonella ruddii,0.00031,FeynmanPond
Candidatus Nucleicultrix amoebiphila,0.00063,FeynmanPond
Singulisphaera acidiphila,0.00628,FeynmanPond
Rheinheimera sp. D18,0.00272,FeynmanPond
Legionella oakridgensis,0.01749,FeynmanPond
Thiolapillus brandeum,0.00016,FeynmanPond
Roseateles depolymerans,0.0033,FeynmanPond
Planctomycetes bacterium Spb1,0.0055,FeynmanPond
Yersinia pestis,0.00016,FeynmanPond
Phycisphaerae bacterium RAS2,0.00503,FeynmanPond
Thiohalobacter thiocyanaticus,0.0011,FeynmanPond
Escherichia coli,0.00146,FeynmanPond
Bdellovibrio sp. ZAP7,0.00047,FeynmanPond
Mucilaginibacter ginsenosidivorans,0.00157,FeynmanPond
Sphingopyxis sp. LPB0140,0.00833,FeynmanPond
Methylovirgula ligni,0.00864,FeynmanPond
Ottowia sp. oral taxon 894,0.00031,FeynmanPond
Polynucleobacter acidiphobus,0.00031,FeynmanPond
Turneriella parva,0.00031,FeynmanPond
Janthinobacterium sp. 17J80-10,0.00236,FeynmanPond
Laribacter hongkongensis,0.00046,FeynmanPond
Stella humosa,0.00236,FeynmanPond
Planctomycetes bacterium Poly30,0.00361,FeynmanPond
Candidatus Rickettsiella viridis,0.00754,FeynmanPond
Ahniella affigens,0.00503,FeynmanPond
Flammeovirgaceae bacterium 311,0.0011,FeynmanPond
Bdellovibrio sp. NC01,0.00079,FeynmanPond
Pseudanabaena sp. PCC 7367,0.00016,FeynmanPond
Acidiferrobacter sp. SPIII_3,0.00016,FeynmanPond
Leptolyngbya boryana,0.00079,FeynmanPond
Salipiger profundus,0.00078,FeynmanPond
Candidatus Methylopumilus turicensis,0.00204,FeynmanPond
Ramlibacter tataouinensis,0.00566,FeynmanPond
Verrucomicrobium spinosum,0.00518,FeynmanPond
Scytonema sp. HK-05,0.00456,FeynmanPond
Desulfomonile tiedjei,0.00047,FeynmanPond
Xylanimonas cellulosilytica,0.00189,FeynmanPond
Planctomycetes bacterium Pan216,0.0011,FeynmanPond
Rubrivivax gelatinosus,0.00141,FeynmanPond
Acidovorax carolinensis,0.00228,FeynmanPond
Legionella lansingensis,0.00126,FeynmanPond
Anaerolinea thermophila,0.00031,FeynmanPond
Novosphingobium tardaugens,0.00016,FeynmanPond
Cupriavidus gilardii,0.00205,FeynmanPond
Novosphingobium sp. ABRDHK2,0.00031,FeynmanPond
Arachidicoccus ginsenosidivorans,0.08985,FeynmanPond
Pseudoxanthomonas suwonensis,0.00094,FeynmanPond
Endomicrobium proavitum,0.0022,FeynmanPond
Mycolicibacterium hassiacum,0.00016,FeynmanPond
Devosia sp. A16,0.00267,FeynmanPond
Acidovorax sp. KKS102,0.00019,FeynmanPond
Magnetospirillum sp. ME-1,0.00016,FeynmanPond
Hymenobacter sp. sh-6,0.00047,FeynmanPond
Planctomycetes bacterium V22,0.00079,FeynmanPond
Pelolinea submarina,0.00298,FeynmanPond
Planctomycetes bacterium ETA_A1,0.00361,FeynmanPond
Planctomycetes bacterium KS4,0.00063,FeynmanPond
Planctomycetes bacterium ETA_A8,0.00515,FeynmanPond
Rickettsia peacockii,0.00157,FeynmanPond
Nibricoccus aquaticus,0.00016,FeynmanPond
Filimonas lacunae,0.00031,FeynmanPond
Coraliomargarita akajimensis,0.00016,FeynmanPond
Undibacterium parvum,0.00253,FeynmanPond
Denitratisoma sp. DHT3,0.00121,FeynmanPond
Anderseniella sp. Alg231-50,0.00112,FeynmanPond
Gemmatimonas phototrophica,0.00063,FeynmanPond
Opitutus terrae,0.0011,FeynmanPond
Rhodococcus sp. X156,0.00047,FeynmanPond
Moraxella bovis,0.0033,FeynmanPond
Bdellovibrio bacteriovorus,0.00298,FeynmanPond
Robiginitalea biformata,0.00189,FeynmanPond
Planctomycetes bacterium ElP,0.00063,FeynmanPond
Sphingopyxis macrogoltabida,0.00177,FeynmanPond
Candidatus Planktophila limnetica,0.09362,FeynmanPond
Pseudarcicella sp. HME7025,0.00691,FeynmanPond
Sphingobium sp. YBL2,0.00079,FeynmanPond
Stigmatella aurantiaca,0.00063,FeynmanPond
Verrucomicrobium sp. GAS474,0.00298,FeynmanPond
Cellvibrio sp. PSBB023,0.00079,FeynmanPond
Auraticoccus monumenti,0.00424,FeynmanPond
Ferrovibrio sp. K5,0.00016,FeynmanPond
Nitrospirillum amazonense,0.00298,FeynmanPond
Flavisolibacter tropicus,0.00157,FeynmanPond
Candidatus Phycorickettsia trachydisci,0.00141,FeynmanPond
Desulfotomaculum nigrificans,0.00079,FeynmanPond
Tabrizicola sp. K13M18,0.00033,FeynmanPond
Pandoraea thiooxydans,0.00016,FeynmanPond
Flavobacterium sp. GS13,0.00031,FeynmanPond
Coxiella burnetii,0.00157,FeynmanPond
Sorangium cellulosum,0.0011,FeynmanPond
Fuerstia marisgermanicae,0.0011,FeynmanPond
Desulfococcus multivorans,0.00047,FeynmanPond
Dechloromonas sp. HYN0024,0.00031,FeynmanPond
Sphingobium sp. SYK-6,0.00016,FeynmanPond
Neisseriaceae bacterium DSM 100970,0.00047,FeynmanPond
Halobacteriovorax marinus,0.0011,FeynmanPond
Pusillimonas sp. T7-7,0.00083,FeynmanPond
Haliangium ochraceum,0.00581,FeynmanPond
Coxiella endosymbiont of Amblyomma americanum,0.00047,FeynmanPond
Candidatus Planktophila lacus,0.01524,FeynmanPond
Variibacter gotjawalensis,0.00126,FeynmanPond
Thauera aromatica,0.00025,FeynmanPond
Burkholderia pseudomallei,0.00801,FeynmanPond
Sulfuritalea hydrogenivorans,0.00251,FeynmanPond
Verminephrobacter eiseniae,0.00189,FeynmanPond
Woeseia oceani,0.00079,FeynmanPond
Hyphomicrobium sp. MC1,0.0011,FeynmanPond
Candidatus Symbiobacter mobilis,0.00126,FeynmanPond
Candidatus Saccharimonas aalborgensis,0.00031,FeynmanPond
Sphingomonas wittichii,0.00016,FeynmanPond
Rhodoplanes sp. Z2-YC6860,0.00267,FeynmanPond
Sphingomonas indica,0.00016,FeynmanPond
Bordetella genomosp. 13,0.00086,FeynmanPond
Burkholderiales bacterium JOSHI_001,0.00031,FeynmanPond
Betaproteobacteria bacterium GR16-43,0.00126,FeynmanPond
Flavobacterium indicum,0.00016,FeynmanPond
Raphidiopsis curvata,0.00047,FeynmanPond
Roseomonas sp. FDAARGOS_362,0.00151,FeynmanPond
Beijerinckiaceae bacterium RH AL1,0.00016,FeynmanPond
Actinopolymorpha singaporensis,0.00047,FeynmanPond
Granulibacter bethesdensis,0.00063,FeynmanPond
Candidatus Pelagibacter sp. RS40,0.00016,FeynmanPond
Paludisphaera borealis,0.00094,FeynmanPond
Desulfococcus oleovorans,0.00031,FeynmanPond
Aquabacterium olei,0.00033,FeynmanPond
Mycolicibacterium rhodesiae,0.00141,FeynmanPond
Phreatobacter sp. NMCR1094,0.00016,FeynmanPond
Phenylobacterium zucineum,0.00047,FeynmanPond
Mycolicibacterium chitae,0.00016,FeynmanPond
Bdellovibrio exovorus,0.00052,RainBarrel
Paraburkholderia caledonica,0.01856,RainBarrel
Nitrosospira lacus,0.00732,RainBarrel
Acinetobacter sp. TTH0-4,0.00052,RainBarrel
Sphingopyxis sp. EG6,0.01125,RainBarrel
Nitrospira defluvii,0.0102,RainBarrel
Rhodopseudomonas palustris,0.00052,RainBarrel
Rhodobacter blasticus,0.00314,RainBarrel
Candidatus Solibacter usitatus,0.0068,RainBarrel
Hyphomicrobium nitrativorans,0.00183,RainBarrel
Blastochloris sp. GI,0.00026,RainBarrel
Azoarcus sp. SY39,0.01156,RainBarrel
Solitalea canadensis,0.00052,RainBarrel
Undibacterium parvum,0.00499,RainBarrel
Methylibium petroleiphilum,0.00664,RainBarrel
Ereboglobus luteus,0.00026,RainBarrel
Limnohabitans sp. 63ED37-2,0.00048,RainBarrel
Limnohabitans sp. 103DPR2,0.00065,RainBarrel
Legionella adelaidensis,0.00078,RainBarrel
Euzebya sp. DY32-46,0.00052,RainBarrel
Rhodoferax koreense,0.00102,RainBarrel
Fimbriimonas ginsengisoli,0.00993,RainBarrel
Sulfuricella denitrificans,0.0115,RainBarrel
Immundisolibacter cernigliae,0.00183,RainBarrel
Rhodomicrobium vannielii,0.00523,RainBarrel
Paraburkholderia sp. DCR13,0.00026,RainBarrel
Steroidobacter denitrificans,0.24667,RainBarrel
Hyphomicrobium denitrificans,0.0034,RainBarrel
Planctomycetes bacterium Pan189,0.08078,RainBarrel
Noviherbaspirillum sp. UKPF54,0.00052,RainBarrel
Flavobacterium crassostreae,0.00052,RainBarrel
Polaromonas naphthalenivorans,0.00105,RainBarrel
Baekduia soli,0.00026,RainBarrel
Owenweeksia hongkongensis,0.01569,RainBarrel
Prevotella ruminicola,0.00261,RainBarrel
Nitrospira japonica,0.00288,RainBarrel
Paucibacter sp. KCTC 42545,0.00052,RainBarrel
Desulfitobacterium dehalogenans,0.00026,RainBarrel
Opitutus sp. GAS368,0.00052,RainBarrel
Methylocystis bryophila,0.00078,RainBarrel
Sorangium cellulosum,0.00052,RainBarrel
Candidatus Dependentiae bacterium (ex Spumella elongata CCAP 955/1),0.00026,RainBarrel
Azospirillum brasilense,0.00497,RainBarrel
Gemmata obscuriglobus,0.00105,RainBarrel
Acidibrevibacterium fodinaquatile,0.00026,RainBarrel
Synechococcus sp. PCC 7502,0.00026,RainBarrel
Rhodoferax ferrireducens,0.00052,RainBarrel
Legionella waltersii,0.00052,RainBarrel
Neorhizobium galegae,0.00026,RainBarrel
Bacteroides coprosuis,0.00052,RainBarrel
Geobacter metallireducens,0.01229,RainBarrel
Actinopolymorpha singaporensis,0.00026,RainBarrel
Caulobacteraceae bacterium OTSz_A_272,0.00261,RainBarrel
Candidatus Koribacter versatilis,0.0149,RainBarrel
Xylella taiwanensis,0.00026,RainBarrel
Planctomycetes bacterium Pan97,0.00444,RainBarrel
Candidatus Saccharibacteria bacterium YM_S32_TM7_50_20,0.00078,RainBarrel
Acidihalobacter ferrooxidans,0.00052,RainBarrel
Cytophaga hutchinsonii,0.00314,RainBarrel
Planctomycetes bacterium Pan265,0.00078,RainBarrel
Planctomycetes bacterium Pan44,0.00026,RainBarrel
Variovorax sp. PMC12,0.00131,RainBarrel
Staphylococcus condimenti,0.00026,RainBarrel
Methylotenera versatilis,0.00654,RainBarrel
Devosia sp. I507,0.00026,RainBarrel
Flavobacterium sp. GS03,0.00026,RainBarrel
Legionella pneumophila,0.00772,RainBarrel
Pseudoflavitalea sp. 5GH32-13,0.00157,RainBarrel
Gemmata sp. SH-PL17,0.00052,RainBarrel
Erythrobacter sp. HKB08,0.00026,RainBarrel
Candidatus Paracaedibacter acanthamoebae,0.00078,RainBarrel
Altererythrobacter sp. B11,0.00204,RainBarrel
Pigmentiphaga sp. H8,0.00261,RainBarrel
Panacibacter ginsenosidivorans,0.01307,RainBarrel
Singulisphaera acidiphila,0.0068,RainBarrel
Luteitalea pratensis,0.01176,RainBarrel
Prosthecochloris sp. CIB 2401,0.01438,RainBarrel
Rhodobacteraceae bacterium QY30,0.00026,RainBarrel
Sphingobacterium sp. CZ-2,0.00052,RainBarrel
Azospirillum sp. TSH100,0.00026,RainBarrel
Cupriavidus taiwanensis,0.01525,RainBarrel
Leptothrix cholodnii,0.00235,RainBarrel
Caulobacter mirabilis,0.00157,RainBarrel
Gemmatimonas aurantiaca,0.00026,RainBarrel
Oscillatoria nigro-viridis,0.00052,RainBarrel
Labilithrix luteola,0.00026,RainBarrel
Legionella longbeachae,0.00026,RainBarrel
Massilia armeniaca,0.00033,RainBarrel
Legionella israelensis,0.00183,RainBarrel
Massilia violaceinigra,0.00052,RainBarrel
Ottowia oryzae,0.00052,RainBarrel
Candidatus Filomicrobium marinum,0.00209,RainBarrel
Sulfuritalea hydrogenivorans,0.00052,RainBarrel
Rhizobacter gummiphilus,0.00209,RainBarrel
Nitrosomonas sp. Is79A3,0.00288,RainBarrel
Gemmatirosa kalamazoonesis,0.00549,RainBarrel
Methylibium sp. Pch-M,0.00157,RainBarrel
Burkholderiales bacterium GJ-E10,0.00314,RainBarrel
Curvibacter sp. AEP1-3,0.00131,RainBarrel
Niabella soli,0.00026,RainBarrel
Candidatus Carsonella ruddii,0.00026,RainBarrel
Legionella oakridgensis,0.01281,RainBarrel
Phycisphaerae bacterium RAS2,0.00026,RainBarrel
Prochlorococcus marinus,0.01647,RainBarrel
Planctomycetes bacterium ETA_A1,0.00418,RainBarrel
Sphingopyxis sp. LPB0140,0.00052,RainBarrel
Methylovirgula ligni,0.00183,RainBarrel
Polynucleobacter acidiphobus,0.00105,RainBarrel
Janthinobacterium sp. 17J80-10,0.00444,RainBarrel
Sphingomonas sp. LK11,0.00026,RainBarrel
Stella humosa,0.01438,RainBarrel
Candidatus Rickettsiella viridis,0.00523,RainBarrel
Bdellovibrio sp. NC01,0.00889,RainBarrel
Syntrophomonas wolfei,0.00026,RainBarrel
Ramlibacter tataouinensis,0.00654,RainBarrel
Runella sp. SP2,0.00026,RainBarrel
Rubrivivax gelatinosus,0.00052,RainBarrel
Flavobacterium psychrophilum,0.02039,RainBarrel
Novosphingobium tardaugens,0.00061,RainBarrel
Pseudolabrys sp. FHR47,0.00026,RainBarrel
Arachidicoccus ginsenosidivorans,0.00052,RainBarrel
Mycoavidus cysteinexigens,0.00026,RainBarrel
Verrucomicrobium spinosum,0.01046,RainBarrel
Devosia sp. A16,0.00026,RainBarrel
Magnetospirillum sp. ME-1,0.00261,RainBarrel
Hylemonella gracilis,0.00026,RainBarrel
Planctomycetes bacterium ETA_A8,0.00209,RainBarrel
Synechococcus sp. PCC 7336,0.00392,RainBarrel
Pseudoxanthomonas suwonensis,0.00026,RainBarrel
Anderseniella sp. Alg231-50,0.00115,RainBarrel
Gemmatimonas phototrophica,0.00601,RainBarrel
Opitutus terrae,0.00131,RainBarrel
Polaromonas sp. SP1,0.00131,RainBarrel
Chthonomonas calidirosea,0.00026,RainBarrel
Bdellovibrio bacteriovorus,0.00235,RainBarrel
Sphingobium sp. YBL2,0.00087,RainBarrel
Verrucomicrobium sp. GAS474,0.00157,RainBarrel
Ferrovibrio sp. K5,0.00026,RainBarrel
Nitrospirillum amazonense,0.00418,RainBarrel
Flavisolibacter tropicus,0.01203,RainBarrel
Candidatus Phycorickettsia trachydisci,0.00209,RainBarrel
Pandoraea thiooxydans,0.00052,RainBarrel
Sulfurifustis variabilis,0.00078,RainBarrel
Sphingobacterium psychroaquaticum,0.00078,RainBarrel
Pseudomonas sp. SWI6,0.1132,RainBarrel
Sphingobium sp. SYK-6,0.00197,RainBarrel
Ehrlichia ruminantium,0.00052,RainBarrel
Massilia sp. YMA4,0.00045,RainBarrel
Haliangium ochraceum,0.00209,RainBarrel
Komagataeibacter hansenii,0.00262,RainBarrel
Variibacter gotjawalensis,0.0034,RainBarrel
Burkholderia pseudomallei,0.00412,RainBarrel
Polynucleobacter necessarius,0.00026,RainBarrel
Woeseia oceani,0.00758,RainBarrel
Burkholderia mallei,0.00033,RainBarrel
Anaerolinea thermophila,0.00026,RainBarrel
Acinetobacter sp. LoGeW2-3,0.00026,RainBarrel
Sphingomonas wittichii,0.00026,RainBarrel
Rhodoplanes sp. Z2-YC6860,0.00314,RainBarrel
Pseudarcicella sp. HME7025,0.01307,RainBarrel
Beijerinckiaceae bacterium RH AL1,0.00235,RainBarrel
Granulibacter bethesdensis,0.03346,RainBarrel
Bordetella sp. HZ20,0.01392,RainBarrel
Phenylobacterium zucineum,0.00157,RainBarrel
Marinobacterium aestuarii,0.00235,RainBarrel
Sphingomonas sp. MM-1,0.00152,RivaPond
Pseudomonas sp. MT-1,0.00849,RivaPond
Bdellovibrio exovorus,0.00039,RivaPond
Chelativorans sp. BNC1,0.00039,RivaPond
Pseudolabrys taiwanensis,0.00039,RivaPond
Sphingomonas sp. AAP5,0.00039,RivaPond
Caldilinea aerophila,0.0054,RivaPond
Candidatus Dependentiae bacterium (ex Spumella elongata CCAP 955/1),0.00732,RivaPond
Flavisolibacter sp. 17J28-1,0.01272,RivaPond
Blastochloris viridis,0.00077,RivaPond
Rhodopseudomonas palustris,0.0054,RivaPond
Candidatus Solibacter usitatus,0.01195,RivaPond
Hyphomicrobium nitrativorans,0.00308,RivaPond
Flavobacterium sp. GS13,0.00039,RivaPond
Planctomycetes bacterium Q31a,0.01195,RivaPond
Azoarcus sp. SY39,0.00039,RivaPond
Solimonas sp. K1W22B-7,0.00039,RivaPond
Flavobacterium columnare,0.00655,RivaPond
Verrucomicrobium sp. GAS474,0.00347,RivaPond
Ereboglobus luteus,0.00424,RivaPond
Limnohabitans sp. 63ED37-2,0.00116,RivaPond
Mesorhizobium sp. 8,0.00077,RivaPond
Salmonella enterica,0.00256,RivaPond
Bradyrhizobium erythrophlei,0.00578,RivaPond
Neoasaia chiangmaiensis,0.00041,RivaPond
Pleomorphomonas sp. SM30,0.02699,RivaPond
Fimbriimonas ginsengisoli,0.00039,RivaPond
Sandaracinus amylolyticus,0.00154,RivaPond
Rhodomicrobium vannielii,0.0347,RivaPond
Steroidobacter denitrificans,0.02045,RivaPond
Flavobacterium kingsejongi,0.00039,RivaPond
Baekduia soli,0.00039,RivaPond
Beijerinckia indica,0.00771,RivaPond
Candidatus Paracaedibacter acanthamoebae,0.00039,RivaPond
Planctomycetes bacterium Pan44,0.01928,RivaPond
Opitutus sp. GAS368,0.00116,RivaPond
Opitutaceae bacterium TAV5,0.00501,RivaPond
Lysinimonas sp. 2DFWR-13,0.00077,RivaPond
Sphingomonas sp. LK11,0.00077,RivaPond
Gemmata obscuriglobus,0.00116,RivaPond
Ramlibacter tataouinensis,0.0027,RivaPond
Rhodoferax ferrireducens,0.00077,RivaPond
Polaromonas sp. SP1,0.00039,RivaPond
Hydrogenophaga sp. RAC07,0.00154,RivaPond
Bacteroides coprosuis,0.00116,RivaPond
Mesorhizobium sp. DCY119,0.00193,RivaPond
Planctomycetes bacterium Pla85_3_4,0.01655,RivaPond
Niabella ginsenosidivorans,0.00039,RivaPond
Pseudorhodoplanes sinuspersici,0.00039,RivaPond
Planctomycetes bacterium CA12,0.00116,RivaPond
Azorhizobium caulinodans,0.00308,RivaPond
Planctomycetes bacterium Pan97,0.05705,RivaPond
Sphingomonas sp. JJ-A5,0.00466,RivaPond
Planctomycetes bacterium Pan189,0.04626,RivaPond
Planctomycetes bacterium Pan265,0.0027,RivaPond
Nitrobacter hamburgensis,0.00308,RivaPond
Runella sp. HYN0085,0.00039,RivaPond
Methylotenera versatilis,0.00655,RivaPond
Devosia sp. I507,0.0027,RivaPond
Actinobacteria bacterium IMCC26256,0.00116,RivaPond
Brevundimonas sp. M20,0.00039,RivaPond
Planctomycetes bacterium Spb1,0.00617,RivaPond
Planctomycetes bacterium Poly30,0.00501,RivaPond
Gemmata sp. SH-PL17,0.00116,RivaPond
Phenylobacterium sp. HYN0004,0.00463,RivaPond
Starkeya novella,0.01234,RivaPond
Altererythrobacter sp. B11,0.00154,RivaPond
Pigmentiphaga sp. H8,0.0027,RivaPond
Panacibacter ginsenosidivorans,0.00154,RivaPond
Luteitalea pratensis,0.02621,RivaPond
Renibacterium salmoninarum,0.00154,RivaPond
Salinibacterium sp. CGMCC 1.16371,0.00308,RivaPond
endosymbiont of unidentified scaly snail isolate Monju,0.00039,RivaPond
Spirosoma sp. KCTC 42546,0.00077,RivaPond
Prosthecochloris sp. CIB 2401,0.00039,RivaPond
Pseudolabrys sp. FHR47,0.02853,RivaPond
Terriglobus saanensis,0.00039,RivaPond
Zunongwangia profunda,0.00231,RivaPond
Candidatus Liberibacter africanus,0.00386,RivaPond
Komagataeibacter hansenii,0.00229,RivaPond
Caulobacter mirabilis,0.00655,RivaPond
Planctomycetes bacterium Pla110,0.00077,RivaPond
Labilithrix luteola,0.01195,RivaPond
Legionella spiritensis,0.00039,RivaPond
Legionella israelensis,0.00039,RivaPond
Candidatus Filomicrobium marinum,0.00039,RivaPond
Dyadobacter fermentans,0.03392,RivaPond
Rhizobacter gummiphilus,0.00039,RivaPond
Synechococcus sp. JA-3-3Ab,0.00039,RivaPond
Ornithobacterium rhinotracheale,0.00116,RivaPond
Fusobacterium nucleatum,0.00039,RivaPond
Methylibium sp. Pch-M,0.00231,RivaPond
Mesorhizobium sp. Pch-S,0.00039,RivaPond
Burkholderiales bacterium GJ-E10,0.00193,RivaPond
Stackebrandtia nassauensis,0.00039,RivaPond
Niabella soli,0.07363,RivaPond
Castellaniella defragrans,0.00077,RivaPond
endosymbiont of Sipalinus gigas,0.00039,RivaPond
Roseateles depolymerans,0.00231,RivaPond
Mariprofundus aestuarium,0.00154,RivaPond
Planctomycetes bacterium ETA_A1,0.00347,RivaPond
Sphingopyxis sp. LPB0140,0.01773,RivaPond
Methylovirgula ligni,0.00116,RivaPond
Mucilaginibacter gotjawali,0.00154,RivaPond
Janthinobacterium sp. 17J80-10,0.03431,RivaPond
Cytophaga hutchinsonii,0.0027,RivaPond
Stella humosa,0.00193,RivaPond
Microbacterium sp. 10M-3C3,0.00039,RivaPond
Rhodobiaceae bacterium,0.00154,RivaPond
Aeromicrobium erythreum,0.00154,RivaPond
Candidatus Methylopumilus turicensis,0.00116,RivaPond
Microbacterium aurum,0.00039,RivaPond
Scytonema sp. HK-05,0.09252,RivaPond
Sphingomonas sp. HKS19,0.00077,RivaPond
Legionella lansingensis,0.00617,RivaPond
Novosphingobium tardaugens,0.00039,RivaPond
Cutibacterium acnes,0.00039,RivaPond
Novosphingobium sp. ABRDHK2,0.00039,RivaPond
Arachidicoccus ginsenosidivorans,0.01465,RivaPond
Mycoavidus cysteinexigens,0.00231,RivaPond
Verrucomicrobium spinosum,0.00887,RivaPond
Devosia sp. A16,0.01311,RivaPond
Planctomycetes bacterium HG15A2,0.00039,RivaPond
Planctomycetes bacterium V22,0.00039,RivaPond
Anderseniella sp. Alg231-50,0.0027,RivaPond
Candidatus Phytoplasma australiense,0.00077,RivaPond
Hylemonella gracilis,0.00154,RivaPond
Planctomycetes bacterium KS4,0.00039,RivaPond
Planctomycetes bacterium ETA_A8,0.0062,RivaPond
Nibricoccus aquaticus,0.00617,RivaPond
Undibacterium parvum,0.02283,RivaPond
Denitratisoma sp. DHT3,0.0027,RivaPond
Pseudomonas psychrotolerans,0.00039,RivaPond
Opitutus terrae,0.00231,RivaPond
Chitinophaga caeni,0.00039,RivaPond
Bdellovibrio bacteriovorus,0.00039,RivaPond
Pseudoxanthomonas suwonensis,0.00077,RivaPond
Paludisphaera borealis,0.00154,RivaPond
Candidatus Xiphinematobacter sp. Idaho Grape,0.00116,RivaPond
Sphingobium sp. YBL2,0.00078,RivaPond
Algoriphagus machipongonensis,0.00077,RivaPond
Cellvibrio sp. PSBB023,0.00077,RivaPond
Ferrovibrio sp. K5,0.00116,RivaPond
Nitrospirillum amazonense,0.01002,RivaPond
Flavisolibacter tropicus,0.00193,RivaPond
Tateyamaria omphalii,0.00039,RivaPond
Massilia sp. NR 4-1,0.00039,RivaPond
Sphingobium sp. SYK-6,0.00116,RivaPond
Neisseriaceae bacterium DSM 100970,0.00308,RivaPond
Pusillimonas sp. T7-7,0.00039,RivaPond
Haliangium ochraceum,0.00039,RivaPond
Massilia sp. WG5,0.00655,RivaPond
Variibacter gotjawalensis,0.00424,RivaPond
Rickettsia sibirica,0.00039,RivaPond
Sulfuritalea hydrogenivorans,0.00655,RivaPond
Hyphomicrobium sp. MC1,0.04163,RivaPond
Commensalibacter sp. AMU001,0.00424,RivaPond
endosymbiont of Acanthamoeba sp. UWC8,0.00463,RivaPond
Rhodoplanes sp. Z2-YC6860,0.01696,RivaPond
Sphingomonas indica,0.00154,RivaPond
Pseudobacter ginsenosidimutans,0.00964,RivaPond
Granulibacter bethesdensis,0.00231,RivaPond
Thermobispora bispora,0.00154,RivaPond
Paenalcaligenes hominis,0.00039,RivaPond
Phenylobacterium zucineum,0.00077,RivaPond
Pirellula staleyi,0.00154,RivaPond
